name,surename,email,personal_id
Jackson,Thompson,jackson.thompson@hotmail.com,"728,:P"
Luke,Wallace,luke.wallace@lycos.com,"554,9915181673"
David,Wright,david.wright@hotmail.com,"555,3201386377"
Nathaniel,Butler,nathaniel.butler@aol.com,"753,7239036956"
Noah,Simpson,noah.simpson@hotmail.com,"848,8302268439"
Eli,Mitchell,eli.mitchell@aol.com,"997,1681465146"
Xavier,Shaw,xavier.shaw@gmail.com,"120,3233942429"
Josiah,Harrison,josiah.harrison@aol.com,"149,161524002"
Nolan,Thompson,nolan.thompson@aol.com,"316,511846093"
Avery,Martin,avery.martin@yahoo.com,"963,5028175814"
Sydney,Allen,sydney.allen@gmail.com,"106,6732522603"
Alyssa,Alexander,alyssa.alexander@lycos.com,"595,6684825879"
Benjamin,Rodriguez,benjamin.rodriguez@aol.com,"175,5449346022"
Julia,Henry,julia.henry@gmail.com,"457,1278479628"
Luke,Jordan,luke.jordan@gmail.com,"299,041739993"
Henry,Cooper,henry.cooper@aol.com,"545,828262429"
Jasmine,Dixon,jasmine.dixon@hotmail.com,"374,7803103426"
Avery,Brooks,avery.brooks@lycos.com,"250,7480675774"
John,Martinez,john.martinez@gmail.com,"24,5754946861"
Xavier,Bryant,xavier.bryant@yahoo.com,"823,4797912722"
Aria,Hudson,aria.hudson@yahoo.com,"336,0776717463"
Ethan,Brooks,ethan.brooks@lycos.com,"127,7843089206"
Tristan,Spencer,tristan.spencer@gmail.com,"170,4504372778"
Kennedy,Murray,kennedy.murray@hotmail.com,"184,9723277192"
Ellie,Marshall,ellie.marshall@lycos.com,"493,1841356445"
Elijah,West,elijah.west@hotmail.com,"584,4780578259"
Jose,James,jose.james@lycos.com,"158,8612247284"
Alyssa,Watson,alyssa.watson@yahoo.com,"731,8380095249"
Elizabeth,Washington,elizabeth.washington@gmail.com,"536,504393714"
Ariana,Foster,ariana.foster@yahoo.com,"30,5481755205"
Amelia,Robertson,amelia.robertson@gmail.com,"512,4360230991"
Aubrey,Mitchell,aubrey.mitchell@hotmail.com,"260,4658983729"
Anna,Robinson,anna.robinson@gmail.com,"453,4128852435"
Alexandra,Marshall,alexandra.marshall@yahoo.com,"734,4711433013"
Aubrey,Wood,aubrey.wood@hotmail.com,"770,5956272662"
Aubrey,Marshall,aubrey.marshall@yahoo.com,"883,6634805677"
Alexandra,Hamilton,alexandra.hamilton@yahoo.com,"363,6759807307"
Savannah,Ellis,savannah.ellis@lycos.com,"595,7796815548"
Skylar,Morris,skylar.morris@lycos.com,"521,250227673"
Isaiah,Reyes,isaiah.reyes@aol.com,"491,4019691078"
Ella,Mitchell,ella.mitchell@lycos.com,"666,0092180597"
Grayson,Russell,grayson.russell@lycos.com,"237,4704440178"
Isabella,Hernandez,isabella.hernandez@aol.com,"196,6993530772"
Lucy,Parker,lucy.parker@aol.com,"911,8747708506"
Sarah,Sullivan,sarah.sullivan@aol.com,"552,7125257258"
Maya,Richardson,maya.richardson@gmail.com,"753,1699403706"
Evelyn,Ward,evelyn.ward@yahoo.com,"51,0817315853"
Jacob,Harris,jacob.harris@aol.com,"719,9455210606"
Hunter,Dunn,hunter.dunn@gmail.com,"254,7750679385"
Colton,Henderson,colton.henderson@aol.com,"580,8712305278"
Nevaeh,Harrison,nevaeh.harrison@gmail.com,"71,4771222232"
Genesis,Marshall,genesis.marshall@yahoo.com,"42,9041488538"
Samantha,Gonzalez,samantha.gonzalez@lycos.com,"802,2362180555"
Khloe,Shaw,khloe.shaw@lycos.com,"580,6668935816"
Lucy,Tucker,lucy.tucker@gmail.com,"185,41436707"
Caleb,Campbell,caleb.campbell@hotmail.com,"774,5539121858"
Landon,Simpson,landon.simpson@hotmail.com,"122,1094421393"
Tyler,Wood,tyler.wood@aol.com,"806,651206455"
Tyler,Rice,tyler.rice@yahoo.com,"261,4053430296"
David,Patterson,david.patterson@lycos.com,"622,065247559"
Nevaeh,Russell,nevaeh.russell@lycos.com,"817,9214301768"
Daniel,Henderson,daniel.henderson@gmail.com,"747,0920036761"
Autumn,White,autumn.white@hotmail.com,"355,5372760259"
Evelyn,Coleman,evelyn.coleman@gmail.com,"848,5230114199"
Oliver,Roberts,oliver.roberts@hotmail.com,"465,0776195116"
Dylan,Graham,dylan.graham@hotmail.com,"828,4757241104"
Xavier,Gonzales,xavier.gonzales@gmail.com,"295,5447537557"
Alexandra,Gibson,alexandra.gibson@gmail.com,"148,0552729866"
Lydia,Howard,lydia.howard@hotmail.com,"560,2679762957"
Aria,Hernandez,aria.hernandez@yahoo.com,"684,5895926044"
Logan,Warren,logan.warren@hotmail.com,"734,7012295232"
Lillian,Rose,lillian.rose@lycos.com,"500,3924500276"
Jayden,Ellis,jayden.ellis@yahoo.com,"893,2115456627"
Daniel,Simmons,daniel.simmons@yahoo.com,"285,8540061843"
Easton,Graham,easton.graham@yahoo.com,"471,3937189218"
Xavier,Hunter,xavier.hunter@aol.com,"66,5116075967"
Hannah,Jones,hannah.jones@lycos.com,"927,3058787"
Samuel,Baker,samuel.baker@aol.com,"665,436254052"
Hudson,Lewis,hudson.lewis@lycos.com,"492,9925657597"
Allison,West,allison.west@yahoo.com,"637,5322194325"
Carson,Dixon,carson.dixon@hotmail.com,"691,1796199004"
